{"Labels":{"width":2000,"height":2000,"format":"jpg","count":2,"filenames":["media/images/Labels_0_d93e063b27262da167ee.jpg","media/images/Labels_0_382ea5e9ab9c14f1fe16.jpg"],"captions":["labels_correlogram.jpg","labels.jpg"],"_type":"images/separated"},"train/box_loss":0.04984090477228165,"best/precision":0.4208285151764709,"best/mAP_0.5":0.3457771996319465,"_runtime":7674.016498579,"val/box_loss":0.05490206927061081,"x/lr1":0.003565,"_wandb":{"runtime":7674},"metrics/precision":0.4208330339031443,"best/mAP_0.5:0.95":0.1574805606259637,"best/recall":0.37191908193939965,"x/lr2":0.003565,"_step":67,"val/obj_loss":0.028405409306287766,"metrics/recall":0.3719030347846766,"Mosaics":{"format":"jpg","count":3,"filenames":["media/images/Mosaics_0_380089b45b46df95f030.jpg","media/images/Mosaics_0_d041b43462a95f4bc4bb.jpg","media/images/Mosaics_0_b3e06a98a89ab47057bd.jpg"],"captions":["train_batch0.jpg","train_batch1.jpg","train_batch2.jpg"],"_type":"images/separated","width":1920,"height":1920},"Validation":{"captions":["val_batch0_labels.jpg","val_batch0_pred.jpg","val_batch1_labels.jpg","val_batch1_pred.jpg","val_batch2_labels.jpg","val_batch2_pred.jpg"],"_type":"images/separated","width":1920,"height":1920,"format":"jpg","count":6,"filenames":["media/images/Validation_67_18a749abeaba2d46cd36.jpg","media/images/Validation_67_9bab8eb7fa518d288ca9.jpg","media/images/Validation_67_f3013ad5fbe4a6c3c491.jpg","media/images/Validation_67_98ead990bfff2ae1d7e4.jpg","media/images/Validation_67_2fda29da2178ba4d1b7f.jpg","media/images/Validation_67_20a86ca1cec5dca99ce8.jpg"]},"Results":{"filenames":["media/images/Results_67_af0189acb296a32091c8.png","media/images/Results_67_89070cdc4e44477792ae.png","media/images/Results_67_2baad418877915284a8c.png","media/images/Results_67_e96361691fea08afa8a6.png","media/images/Results_67_718fcda05a9e8d063a22.png","media/images/Results_67_207421ca900faa115fa3.png"],"captions":["results.png","confusion_matrix.png","F1_curve.png","PR_curve.png","P_curve.png","R_curve.png"],"_type":"images/separated","width":2400,"height":1200,"format":"png","count":6},"train/cls_loss":0.025869280099868774,"metrics/mAP_0.5":0.3449619551551891,"val/cls_loss":0.026011893525719643,"metrics/mAP_0.5:0.95":0.15718882354761293,"x/lr0":0.003565,"best/epoch":56,"_timestamp":1.7455721026568882e+09,"train/obj_loss":0.04536113142967224}