{"metrics/mAP_0.5":0.34569473823169083,"train/obj_loss":0.04536113142967224,"best/mAP_0.5":0.34579294179426034,"val/cls_loss":0.026016412302851677,"best/epoch":56,"best/mAP_0.5:0.95":0.157482738657843,"metrics/precision":0.4208330339031443,"x/lr2":0.003565,"Validation":{"captions":["val_batch0_labels.jpg","val_batch0_pred.jpg","val_batch1_labels.jpg","val_batch1_pred.jpg","val_batch2_labels.jpg","val_batch2_pred.jpg"],"_type":"images/separated","width":1920,"height":1920,"format":"jpg","count":6,"filenames":["media/images/Validation_67_889e272c62cea01306bd.jpg","media/images/Validation_67_1d5779353723df1f4450.jpg","media/images/Validation_67_9b073f87b30a1f45ae59.jpg","media/images/Validation_67_8de8359b17f6d083d7c3.jpg","media/images/Validation_67_19cf0053cf1f08a0a38b.jpg","media/images/Validation_67_ffa98f952028b9819796.jpg"]},"x/lr0":0.003565,"metrics/mAP_0.5:0.95":0.15756476860185709,"best/precision":0.4208285151764709,"train/cls_loss":0.025869280099868774,"Labels":{"filenames":["media/images/Labels_0_d93e063b27262da167ee.jpg","media/images/Labels_0_382ea5e9ab9c14f1fe16.jpg"],"captions":["labels_correlogram.jpg","labels.jpg"],"_type":"images/separated","width":2000,"height":2000,"format":"jpg","count":2},"x/lr1":0.003565,"metrics/recall":0.3719030347846766,"_step":67,"train/box_loss":0.04984090477228165,"Mosaics":{"format":"jpg","count":3,"filenames":["media/images/Mosaics_0_380089b45b46df95f030.jpg","media/images/Mosaics_0_d041b43462a95f4bc4bb.jpg","media/images/Mosaics_0_b3e06a98a89ab47057bd.jpg"],"captions":["train_batch0.jpg","train_batch1.jpg","train_batch2.jpg"],"_type":"images/separated","width":1920,"height":1920},"_wandb":{"runtime":8430},"Results":{"_type":"images/separated","width":2400,"height":1200,"format":"png","count":6,"filenames":["media/images/Results_67_9ba7cbdafb27b606431d.png","media/images/Results_67_89070cdc4e44477792ae.png","media/images/Results_67_3032c81445de3145709e.png","media/images/Results_67_70e155bf3b691d5d6635.png","media/images/Results_67_67d9ae19e057aefc08c8.png","media/images/Results_67_f433e8977eb6f9e83bd4.png"],"captions":["results.png","confusion_matrix.png","F1_curve.png","PR_curve.png","P_curve.png","R_curve.png"]},"_timestamp":1.7451489355351903e+09,"val/box_loss":0.05489859730005264,"_runtime":8430.910821119,"val/obj_loss":0.028405409306287766,"best/recall":0.37191908193939965}